Account_Number,Customer_Name,Branch_Code,Transaction_Date,Transaction_Type,Transaction_Amount,Balance,Currency,Account_Status,Customer_Email,Customer_Phone,Transaction_Year,Transaction_Month,Transaction_Amount_USD
1001,Daniel White,B001,2024-01-15,Deposit,5000.0,15000.0,USD,Active,john@example.com,111-111-1111,2024,Jan,5000.0
1002,Alice Smith,B002,2024-02-10,Withdraw,2000.0,8000.0,INR,Active,alice@example.com,222-222-2222,2024,Feb,24.0
1004,Clara Osward,B004,2024-03-05,Deposit,4000.0,5000.0,EUR,Active,clara@example.com,444-444-4444,2024,Mar,4320.0
1005,Amit Verma,B005,2024-03-11,Withdraw,3000.0,92000.0,INR,Active,daniel@example.com,555-555-5555,2024,Mar,36.0
